{"cameraMode":{"drawMode":0,"name":"Shaded","section":"Shading Mode"},"sceneLighting":true,"audioPlay":false,"sceneViewState":{"showFog":true,"showMaterialUpdate":false,"showSkybox":true,"showFlares":true,"showImageEffects":true,"showParticleSystems":true},"in2DMode":false,"pivot":{"x":28.926958084106447,"y":-35.889190673828128,"z":67.0899429321289},"rotation":{"x":-0.396147757768631,"y":0.39015766978263857,"z":-0.19107167422771455,"w":-0.808910608291626},"size":77.43203735351563,"orthographic":false}